무기,데미지_min,데미지_max,Area_min,Area_max,Duration_min,Duration_max,Speed_min,Speed_max,Amount_min,Amount_max,Cooldown_min,Cooldown_max,Pierce_min,Pierce_max,비고
Whip,10,40,1,1.2,1,1,1,1,1.35,1.35,0.1,0.1,1,20,Crit 2
Magic Wand,10,30,1,1,1,1,1,1,1.2,4,0.1,0.1,1,2,
Knife,6.5,16.5,1,1,1,1,1,1,1,6,0.1,0.04,1,3,
Axe,20,80,1,1,1,1,1,1,4,4,0.2,0.2,3,7,
Cross,5,,1,1.5,1,1,1,1,2,3,0.1,0.1,1,1,
King Bible,10,30,1,1.5,3,4,1,1.6,1,4,3,3,1,1,
Fire Wand,20,90,1,1.35,0.75,0.75,3,3,3,3,0.02,0.02,1,1,
Garlic,5,15,1,1,1,1,1,1,1.3,1.3,0,0,0,0,
Santa Water,10,40,1,1.8,2,4,1,1,1,4,4.5,4.5,,
Runetracer,10,30,1,1,2.25,3.25,1,1.4,1,3,3,3,1,1,
Lightning Ring,15,65,1,4,1,1,2,6,4.5,4.5,0.05,0.05,1,1,
Pentagram,1,1,1,1,1,1,90,90,0,0,-2,-2,,
Peachone / Ebony Wings,10,,1,2.2,4,4,0.8,0.8,4,11,1,0.5,,
Phiera / Eight The Sparrow,5,,1,1,1,1,1,1,1.4,3,0.2,0.2,1,7,
Gatti Amari,10,,1,1,5,8,0.4,1,1,3,5,5,,
Song of Mana,10,,1,2.75,0.5,4.25,1,1,1,1,2,2,,
Shadow Pinion,10,,1,1.75,1,1,1,1,1,2,6,6,1,1,
Clock Lancet,1,1,2,2,1,1,1,1,2,2,0,0,,
Laurel,10,10,1,1,1,1,1,1,10,8,0,0,,
Vento Sacro,2,6,1.4,2,0.4,0.4,1,1,4,7,2,2,,Crit 5
Bone,5,,1.2,1.6,2,2.6,0.75,1.75,1,3,3,3,1,1,
Bracelet,10,,0.9,0.9,0.4,0.4,1,1,3,4,1.4,1.4,,
Bloody Tear,40,40,1.3,1.3,1,1,2,2,1.35,1.35,0.1,0.1,10,10,Crit 2 / 진화
Holy Wand,30,30,1,1,,,2,2,4,4,0.5,0.5,,진화
Thousand Edge,16.5,16.5,1,1,1.5,1.5,6,6,,,0.35,0.35,3,3,진화
Death Spiral,60,60,1.2,1.2,무한,무한,0.8,0.8,9,9,4,4,1000,1000,진화
Heaven Sword,77,77,1.2,1.2,2,2,1,1,3.3,3.3,0.5,0.5,,진화
Unholy Vespers,30,30,1.75,1.75,3,3,1.5,1.5,4,4,3,3,4,4,진화
Hellfire,100,100,1,1,0.1,0.1,1,1,2,2,3,3,,진화
Soul Eater,20,20,3,3,1.3,1.3,1,1,1,1,1,1,,진화
La Borra,40,40,2,2,4,4,1,1,4,4,4,4,,진화
NO FUTURE,30,30,1,1,3,3,2.8,2.8,1,1,1,1,,진화
Thunder Loop,65,65,4,4,1,1,6,6,4.5,4.5,0,0,,진화
Gorgeous Moon,1,1,1,1,1,1,1,1,60,60,0,0,,진화
Vandalier,28,28,3,3,4,4,1,1,20,20,0.25,0.25,,진화
Phieraggi,15,15,1,1,1,1,4,4,1.4,1.4,0.1,0.1,7,7,진화
Vicious Hunger,30,30,1,1,7,7,1,1,2,2,8,8,,진화
Mannajja,40,40,6,6,2,2,1,1,1,1,4.5,4.5,,진화
Valkyrie Turner,35,35,1.4,1.4,2,2,3.5,3.5,1,1,6,6,,진화
Infinite Corridor,1,1,6,6,1,1,1,1,1,1,0,0,,진화
Crimson Shroud,0,0,2,2,1,1,1,1,8,8,0.1,0.1,,진화
Fuwalafuwaloo,20,20,2,2,1,1,8,8,2,2,0.05,0.05,,진화
Bi-Bracelet,30,30,1.2,1.2,0.6,0.6,1,1,6,6,1.2,1.2,,진화
Tri-Bracelet,50,50,1.4,1.4,1,1,1,1,9,9,0.8,0.8,,진화
